sampler_label,aggregate_report_count,average,aggregate_report_median,aggregate_report_90%_line,aggregate_report_min,aggregate_report_max,aggregate_report_error%,aggregate_report_rate,aggregate_report_bandwidth
P1-base,1000,7,7,8,4,1078,0.0,116.30611770179111,87.91754350575715
P1-ws,1000,50,49,61,33,365,0.0,19.578667084344897,15.010489882723784
P1-ejb,1000,22,20,26,12,1218,0.0,43.973440042214506,34.05691399894464
TOTAL,3000,26,20,53,4,1218,0.0,35.821323239680474,27.42813766806171
