sampler_label,aggregate_report_count,average,aggregate_report_median,aggregate_report_90%_line,aggregate_report_min,aggregate_report_max,aggregate_report_error%,aggregate_report_rate,aggregate_report_bandwidth
P1-base,1000,13,10,12,7,2912,0.0,72.28044813877845,92.6522406938923
P1-ws,1000,58,54,65,36,3632,0.0,16.916466488479887,21.901405546909363
P1-ejb,1000,29,24,31,15,4560,0.0,33.6439794098846,44.083173962503786
Total,3000,33,24,58,7,4560,0.0,28.92235312265006,37.47187414136764
